,kepler_id,quarter,time_start_index,time_end_index,flare_start_time,flare_end_time,flare_peak_index,flare_peak_time,energy,excluded,Teff,Radius,logg,Prot,flare_amp,flare_duration,time_start_BJD,time_end_BJD,flare_peak_BJD
1,1028018,10,697,704,921.2935750653342,921.4366139225167,699,921.3344433832681,1.3266341757089681e+36,False,5930,1.353,4.137,,0.041605071510702606,0.14303885718254605,55754.293575065334,55754.43661392252,55754.33444338327
5,2012690,1,468,472,141.1373572116063,141.21909532712016,469,141.15779174083582,1.0391939976858828e+35,False,5889,1.739,4.025,,0.00516130016618014,0.08173811551387189,54974.137357211606,54974.21909532712,54974.157791740836
6,2012690,1,1279,1282,157.8936072087963,157.95491031591519,1280,157.91404157806392,7.793894018344147e+34,False,5889,1.739,4.025,,0.00250115600579373,0.06130310711887432,54990.893607208796,54990.954910315915,54990.914041578064
12,2012690,6,2385,2389,589.4726625592666,589.5543964215467,2386,589.4930961002465,1.0589380962526718e+35,False,5889,1.739,4.025,,0.0030660955621080893,0.08173386228008894,55422.47266255927,55422.55439642155,55422.49309610025
15,2012690,7,786,794,646.3785775803553,646.5420388532948,787,646.3990103276155,1.5284244017531051e+35,False,5889,1.739,4.025,,0.006015504469691179,0.16346127293945756,55479.378577580355,55479.542038853295,55479.399010327616
17,2012690,7,3241,3247,698.6859286678082,698.808524414766,3242,698.7063612752245,1.0382636280678687e+35,False,5889,1.739,4.025,,0.0028283034127519753,0.12259574695781339,55531.68592866781,55531.808524414766,55531.706361275224
